,Cr_1,Cr_2,Cr_3,Cr_4,Cr_5,Cr_6,Cr_7,Cr_8,Cr_9,Cr_10,Cr_11,Cr_12,Cr_13,Cr_14,Cr_15,Cr_16,Cr_17,Cr_18,Cr_19,Cr_20,Fe_1,Fe_2,Fe_3,Fe_4,Fe_5,Fe_6,Fe_7,Fe_8,Fe_9,Fe_10,Fe_11,Fe_12,Fe_13,Fe_14,Fe_15,Fe_16,Fe_17,Fe_18,Fe_19,Fe_20,Cd_1,Cd_2,Cd_3,Cd_4,Cd_5,Cd_6,Cd_7,Cd_8,Cd_9,Cd_10,Cd_11,Cd_12,Cd_13,Cd_14,Cd_15,Cd_16,Cd_17,Cd_18,Cd_19,Cd_20,Zn_1,Zn_2,Zn_3,Zn_4,Zn_5,Zn_6,Zn_7,Zn_8,Zn_9,Zn_10,Zn_11,Zn_12,Zn_13,Zn_14,Zn_15,Zn_16,Zn_17,Zn_18,Zn_19,Zn_20,Cu_1,Cu_2,Cu_3,Cu_4,Cu_5,Cu_6,Cu_7,Cu_8,Cu_9,Cu_10,Cu_11,Cu_12,Cu_13,Cu_14,Cu_15,Cu_16,Cu_17,Cu_18,Cu_19,Cu_20,Pb_1,Pb_2,Pb_3,Pb_4,Pb_5,Pb_6,Pb_7,Pb_8,Pb_9,Pb_10,Pb_11,Pb_12,Pb_13,Pb_14,Pb_15,Pb_16,Pb_17,Pb_18,Pb_19,Pb_20
0,-0.01561332409119591,-0.02003891112028875,-0.017416261045986578,-0.04008526851733526,-0.04736417533848623,-0.11032295227050781,-0.1321357652695492,-0.1225752541513154,-0.11704540576296624,-0.13863689429832227,-0.15172360145082378,-0.1443531581699246,-0.13514143213479204,-0.1438741505597577,-0.14287064472834268,-0.15924200265094487,0.006024055806939041,-0.00026104397421486376,-0.04178766581239273,-0.06690181137034387,0.01791716202378574,0.028081686772180325,0.1316866712889286,0.1271246594913078,0.10975087990965506,0.09725351594012192,0.08251009493915722,0.10348040301992435,0.07465748816277042,0.07111167821167695,0.045243012808813626,0.07640976258412455,0.07687412803073065,0.08527946887029843,0.11611913321445687,0.08670575383373282,0.1040406920994171,0.07756129964113687,0.08740375442618523,0.128159122673249,-0.04079048764525038,-0.06543106265892887,0.006152889234451295,0.0787832061901237,1.0166075043003968,0.15825594081120056,0.09834072125530002,-0.1202651345443846,0.014199653038322324,-0.010136537329115049,-0.05310375583440423,-0.10043683848014534,-0.13303280633055803,-0.11794447940433248,-0.12412762666159931,0.027295673943378708,-0.04532068929954836,-0.12110220025278243,-0.13588083089820835,-0.0908256708032856,-0.004972057880932522,-0.03977291788341421,-0.011405924862518794,0.06927377339499542,0.0868325236017082,0.18476079238785637,0.2902129063702593,0.3998842558475456,0.4997289078404205,0.5654916685036938,0.6439699103133847,0.7070096580669133,0.7124691653733302,0.7462793558534949,0.7651747326658229,0.7733483952705307,0.7550377321965767,0.7310108084871312,0.6919514464609551,0.6261634242655051,0.053815061019526586,0.08679238797137231,0.22472981310854054,0.32910265224148527,0.28429622030017354,0.22803375862463557,0.2803769286232765,0.3577037068328472,0.2902367783315254,0.13803400110566255,0.2711971177898272,0.38585808271109456,0.5745265218946669,0.6125230933680679,1.1280826932252055,1.3325448818881103,2.0751087388606986,2.6619735125339394,3.756458123524984,3.5592384675536493,0.030654922598088632,0.04799842023563505,0.05425698234878405,0.019848207446318496,0.03385362352686699,-0.15100269813579742,-0.13653673615419504,-0.04599991613867307,-0.05541735851074183,-0.059254658464906795,-0.059053359506181395,-0.04824783280491829,-0.03365508238832005,-0.03657439359548417,-0.028706083596317156,-0.10115831602139003,-0.04004656670278766,-0.06513363122646085,-0.06337103648158261,-0.09092522781304639
1,-0.0010924267169320956,0.004791327472776175,0.006773165799677372,0.006421336685307324,0.005755988350138068,0.004134550129529089,0.0005896081015612253,-0.0010401076497510075,-0.0034899798454716803,-0.0012148404261097313,-0.005071757785044611,-0.0009315897320630029,0.0013782591834387858,0.001092490115075293,-0.000784782934570103,-0.0017688279389403761,0.010946709252893925,0.009884088416583836,0.006295332098379731,-0.023485669512301684,0.05616474397480488,0.08125324450433254,0.09657153196632862,0.12804988995194436,0.11010543264448643,0.0963404893130064,0.061264067441225055,0.04440773155540228,0.056033752672374246,0.03314967481419444,-0.025814687870442866,-0.04953036829829216,-0.043734387159347535,-0.057060164771974085,-0.03950777389109135,-0.07778388977050782,-0.08372268177568913,-0.08529870510101319,-0.10945231176912784,-0.18572310909628867,0.001753651787294075,0.005107921767048538,0.00420939911622554,0.004627444623038173,0.028741387370973825,0.017610476128757,0.015984875205904244,-0.02895344877615571,0.009041276527568698,0.0030176520522218198,-0.010800374024547636,-0.017643727557733656,-0.02452328974381089,-0.030832363683730366,-0.03645777670666575,-0.029539479557424784,-0.027101484574377537,-0.0285958443954587,-0.021349658593535423,-0.009277710986789317,-0.05151520404964685,-0.06517335139214993,0.002089562767650932,0.2076784924324602,0.6815869832038879,-0.3211694797873497,-1.11776221036911,2.3402479600906374,0.7683028957247734,2.228846517801285,0.2477464884892106,-0.11652779616415501,-0.19144982546567918,-0.07912195887416601,-0.34033845394849777,-0.25166658475995063,-0.2189390802383423,-0.35694740414619447,-0.32446034222841263,0.013685425464063882,0.007686510509811342,0.012953042546287178,0.019768212176859378,0.031174864042550324,0.0294251474365592,0.02975441986694932,0.02689990121871233,0.028848074115812777,0.019981416314840315,0.02069986764341593,0.05860719166696072,0.09068330578505993,0.11289132751524449,0.1207341905683279,0.15007955491542815,0.1504352141916752,0.16774657145142555,0.1680085127055645,0.12535383723676205,0.19763747870922088,-0.005619066348299384,0.0008506171362751047,0.006325200726278127,0.004113426327239722,0.009407223812304437,0.004589167547528632,-0.0009553510196565185,0.007693982406635769,0.02430954957380891,0.039347675871104,0.04680212154984474,0.04616948645561934,0.048023848682641986,0.04852085005491972,0.049821421168744565,0.04072266297414899,0.054926099367439744,0.07223260030150414,0.08276726961135865,0.08223386071622371
2,-0.0062121723021846265,-0.005561764785088599,0.0014673016043525423,0.019224010491743684,-0.005293483911082149,-0.024368395404890178,-0.026060119559988378,-0.04118297025561333,-0.03749108968302608,-0.043256339840590956,-0.04607197429984808,-0.047863010037690404,-0.04760192457586527,-0.05385929511860013,-0.051795591972768305,-0.06895124562084674,-0.06485584832727909,-0.07508313469588757,-0.07648611439391971,-0.015893719336017968,0.020473559396341445,-0.03551827570423484,-0.013812377010472119,-0.02468915404751897,-0.0644240552932024,-0.1178293827176094,-0.12268996641039848,-0.1287198618799448,-0.14640830911695957,-0.1795768392086029,-0.14164417289197445,-0.15464072674512863,-0.15315522164106368,-0.19378884375095368,-0.18385917484760284,-0.21486652448773383,-0.213991242647171,-0.202915700674057,-0.21481031715869903,-0.26139998584985735,0.016420960268005727,0.020060057770460844,0.022963465731590985,0.02689660663716495,0.03551137419417501,0.05812678776681423,0.08816237136721611,0.06471348904073239,0.1194874355942011,0.13445603661239147,0.14746451146900655,0.1534804917871952,0.16356931179761885,0.17520698115229608,0.19957210138440132,0.21551333501935005,0.22716957688331604,0.24100543320178985,0.24838816836476327,0.2605057507753372,0.022851900234818458,-0.17120164811611174,-0.24436653822660445,-0.25770406872034074,-0.44266837984323504,0.04111865058541298,0.028761002123355865,1.3876583230495454,3.2920791562646627,4.999776448011398,6.513916692733765,7.391852896213532,7.610588655471802,7.7953817176818845,8.119329738616944,7.9403923225402835,7.82767192363739,7.775648860931397,7.690081171989441,7.470123910903931,-0.01211638587526977,-0.019219424342736602,-0.02592579009011388,-0.024164263494312763,-0.03743989853188395,-0.04812537159770727,-0.04895300004631281,-0.04636539489030838,-0.040466739628463984,-0.06572402447462082,-0.06159446014091372,-0.06316023916006089,-0.0631845723092556,-0.06598731111735105,-0.07211743287742138,-0.09846167434006929,-0.0635234054364264,-0.08368608940392733,-0.19779241159558297,-0.06068748656660319,-0.006049691718071699,-0.009923078422434627,-0.017688733320683242,-0.0064170289883622895,-0.003734864833531901,-0.03254587556235492,-0.03502329559996724,-0.02416261286009103,-0.02057207092671888,0.000430261455476284,0.024451016951352357,0.03179317373549566,0.03319279357790947,0.03848460216075182,0.04413326909765601,0.0402357547916472,0.06460066391620785,0.07137565879500471,0.08290793989785016,0.09943276051431894
3,-0.0032682881137588993,-0.021916969399899244,-0.046883032396435736,-0.07040821108967066,-0.07921296156942845,-0.08176112093031407,-0.08366700947284698,-0.10871787078678607,-0.13436392039060593,-0.15362417817115784,-0.17084076382219793,-0.1821137735247612,-0.20519192427396774,-0.19727839432656766,-0.21344732239842415,-0.2228303460776806,-0.25674478724598887,-0.2631944060325623,-0.26757131606340406,-0.003848978034511674,0.01381575396982953,0.08216334283351898,0.07437847074121237,0.12120268307626247,0.178915284126997,0.20246136769652368,0.21595694772899152,0.16680300958454608,0.08630193181335927,0.060905707329511644,0.015034888266745839,-0.021545674204826355,-0.0619164714589715,-0.09927417452672671,-0.11873038646765054,-0.1257802962511778,-0.13259726006537675,-0.10738659171387553,-0.09920362181961537,-0.10726174674928188,0.0024704417469911277,-0.008257079999893904,0.00033327348370221444,0.001461888758421992,-0.03008587684482336,-0.03434551594778895,-0.037725656479597094,-0.012425976005615666,-0.07483334135264158,-0.07618434272706509,-0.06956226546317339,-0.07297639925032855,-0.06701633723452688,-0.052151567959226666,-0.04908198156394064,-0.07622851617634296,-0.07574873477220535,-0.0815499053709209,-0.1015653333812952,-0.07807031393051148,1.0593039280176162,2.402082006931305,4.153293831348419,4.330103847980499,3.6648522901535032,3.2429828333854673,2.5943273621797562,2.3464486360549928,2.229678331017494,2.337672285139561,2.334391660988331,2.4515686827898024,2.4502503168582916,2.513802913427353,2.531960474848747,2.412740905880928,2.3869321721792223,2.303054602742195,2.2057427352666856,2.141196555495262,0.0006328118616147549,-0.0012718912571108376,-0.010220445566810668,-0.034470862299203875,-0.03992800638079643,-0.044150818847119806,-0.035194161236286166,-0.0391441261023283,-0.03237121834652498,-0.030722897693049162,-0.04595542390597984,-0.07778430044651032,-0.07159922013990581,-0.04858490463579074,-0.06599470119283068,-0.037287493776530026,-0.06409902015235275,-0.03796199018746847,0.042386291809380056,-0.0474656975036487,0.013076313259080052,0.012795042190700769,0.009959112924989313,-0.012488537174649537,-0.03616221385076642,-0.041648100838065145,-0.03787665129639208,-0.019269931194721722,-0.02724690053379163,-0.012800643944356125,-0.003986966609663796,-0.012530338794240379,-0.030885798074305058,-0.032416329467669126,-0.017446070464211517,0.022424449963436927,0.00882335173082538,0.015268484652915503,0.044368862975388765,0.12003872245550155
4,-0.016372580686584114,-0.030127664748579263,-0.025499464478343725,-0.006178800580091775,-0.07999044694006444,-0.09272211089730263,-0.10535928130149841,-0.11189624488353729,-0.12370838038623333,-0.14296162843704224,-0.15122369080781936,-0.16233165353536605,-0.16906654581427574,-0.1918671917915344,-0.19964081555604934,-0.19913705036044121,-0.1856599208712578,-0.20435142025351524,-0.2091710288822651,-0.13358908995985985,-0.002257154722650512,0.026900448482483626,0.06156593047082424,0.10239582534879446,0.12200643729418516,0.07974458555690944,0.12490348509512841,0.14240263881161808,0.1410237696848344,0.1529525507427752,0.16486928883008659,0.19342759499326348,0.1880094781704247,0.1900014496408403,0.20283850824460387,0.2299437204003334,0.23853673294186592,0.26768835105001926,0.24957421123981477,0.22134473469108343,-0.011223782701417804,-0.009111025496385991,-0.003520536156138405,-0.01668428256176412,-0.049030151404440406,-0.03958383597433567,-0.01684960560873151,0.015424989853054285,-0.027636821456253527,-0.01808395955711603,-0.005533317318186164,0.0045500397979049015,0.007287795910378918,0.002706697340181563,-0.0018310667538571578,0.0009404817783797625,0.007837090117391199,0.00995601483155042,0.011961535708978772,0.016710931481793524,2.421124329566956,0.49696694552898407,-0.047196975201368334,0.2041553448140621,0.4079767441749573,0.6367196989059448,0.5174862885475159,0.942100625038147,1.261229349374771,1.4595141303539276,1.6953105974197387,1.9319884634017945,1.8051909017562866,1.9604216527938843,2.0828945088386535,2.5359007906913758,2.498576683998108,2.3415976667404177,2.2892412304878236,2.264810106754303,0.003993143930565566,0.0010428340102225774,-0.0051533834706060586,-0.01185440730303526,-0.020129187926650048,-0.016720408136025072,-0.004923294493928552,0.003157879363716347,-0.021012311875820158,-0.017752435887232423,-0.015368681158870459,-0.020459348149597645,-0.026394187342375516,-0.05865316830575466,-0.016888839816674592,-0.006572773799707648,0.018357316008768977,0.0272116853389889,0.042108963821083305,0.015282954184403934,9.967480316518618e-05,0.0035960889735724777,0.00928530341014266,0.01033176489174366,0.015286796893924474,0.010668463339097798,0.005126597014022991,0.0034430987015366555,0.002648098627832951,-0.006883965692250058,-0.005647655281791231,0.014550700634717941,0.036477246060967444,0.04830733969807625,0.05815299961715937,0.057860728949308396,0.07278650023043155,0.07226599857211113,0.06000215258449316,0.03131975335651077
5,-0.007479728078469634,-0.0069401167333126065,-0.008847242956981062,-0.0024913520261179655,0.004949705228209495,-0.005239391773939133,-0.01459822477772832,-0.02777755059301853,-0.029178479481488467,-0.04370302952826023,-0.055282144099473955,-0.07202082715928554,-0.09695289753377438,-0.09539085134863853,-0.0896783497184515,-0.10285533063113689,-0.11037506312131881,-0.11171626783907414,-0.09732790976762772,-0.0970410367846489,0.012807769794017076,-0.011941189160570503,-0.006894801771268249,-0.020807994678616524,0.0177241775393486,-0.06775181218981743,-0.11472906820476055,-0.1061038040369749,-0.1072153440117836,-0.12173642002046109,-0.07981058351695537,-0.06490864805877208,-0.09542383000254631,-0.12260912612080574,-0.12419644027948379,-0.11392576731741429,-0.11504405565559864,-0.12286902748048306,-0.1664981746673584,-0.17718478962779044,0.0024127005320042374,0.0008193167141871527,0.005997757040895522,0.013872533245012164,0.029982493463903664,0.020409357063472272,0.020038002002984286,0.017723778784275054,0.0244281012006104,0.02364803647622466,0.02477566068992019,0.0275930917263031,0.03291305046528578,0.034701177272945645,0.0378876999206841,0.03488320564851165,0.015223427722230554,0.03627268588170409,0.027768245823681356,0.020096596525982023,0.05902259133756161,-0.0203332787938416,-0.03775352288037539,-0.05759410884231329,-0.08467108815908432,-0.08936894580721855,-0.15444056078791618,0.059460288193076846,-0.1305431081354618,-0.4197285974025726,0.18457739755511285,0.11100922007113695,0.10071897715330123,0.07633066076785326,0.21887420624494552,-0.04953866339288652,-0.5603359538316727,-0.4225532506406307,-0.1902946500852704,3.9723015832901,-0.0016789866820909082,0.001438566649449058,-0.0034674833063036204,-0.0145041158888489,-0.02386384842917323,-0.03088234743103385,-0.027758036255836487,-0.02357518283650279,-0.03260902838781476,-0.029226591177284718,-0.028891148716211318,-0.023008718211203812,-0.010364724583923816,0.008339257817715407,0.006557779875583947,0.018716162545606495,0.01370138257741928,0.012201967081055046,0.003482662586029619,0.024220331870019436,-0.00450727207120508,-0.012978222183883191,-0.02463142579421401,-0.018560570608824493,-0.030765649359673262,-0.03320639498531818,-0.022529293596744538,-0.018881880007684232,-0.020372746028006077,-0.01888206508010626,-0.01786785377189517,-0.026518350653350353,-0.034780132174491885,-0.034615600742399694,-0.03249864799901843,-0.029651718884706496,-0.036446806117892264,-0.025205332320183516,-0.01771541841328144,-0.006617231909185648
6,-0.0016202242218081237,-0.0087845556985806,-0.027381839515531765,-0.04735072259517277,-0.019499852311085253,-0.008528765712809912,-0.014056064484312254,-0.016213611885905265,-0.02891384365365786,-0.03477981449926601,-0.037686640243319906,-0.038965294685433895,-0.025995174970696953,-0.020999454476815813,-0.01174926070825142,0.006313244195874123,0.009679184158277862,0.027379902759019067,0.03336217909613076,-0.07945696886848001,-0.13611276833450092,-0.2970403071712045,-0.39341490654384387,-0.45271732701974754,-0.5124172116027159,-0.8837586655336268,-0.6965084798195783,-0.7615192932241103,-0.6653990465051988,-0.5265750874491298,-0.38210373450728025,0.11149710356531774,0.5759933412075042,1.255839856933145,2.157489440020393,2.8263239720288444,3.26002316755407,3.3600476517396816,3.5990828345803654,3.725347106597003,0.027488777720752883,0.018103962413528386,0.006361266389927444,-0.01759649560074596,-0.008663918266949408,-0.05525592609363444,-0.046129016972639984,-0.004860608990180908,-0.04891142981017337,-0.03656953772639527,-0.027007096403223626,-0.02160971417256138,-0.017005441296736108,-0.012502946318401133,-0.003548613771210833,-0.0009014058022705071,-0.016304585484185202,0.0016341332866645912,-0.004088201489546062,-0.022903491227942354,-0.029016664909089312,-0.026374700227204492,-0.0667800234959406,0.006715975107405992,-0.032673968834912075,0.015570860224611618,-0.05285181284827344,-0.06074948608875275,-0.20399762637474958,-0.24296258723034578,-0.27859074298073266,-0.3819359712740954,-0.3688436392475577,-0.40109043752445894,-0.38556265129762535,-0.47137219239683714,-0.4881254466140971,-0.4647265283500447,-0.43497861308210034,-0.44160280683461356,0.012936544845647671,0.02226028129020158,0.039117903350030674,0.03465307852362885,0.025012355363544295,0.015059124053839376,-0.01941919448401998,-0.050780706195270316,0.02553574063760393,0.04596537860000835,0.018607584403499085,-0.00041459642953294164,-0.005904821909601143,-0.008807546652250869,-0.055721813703284544,-0.0684917948263533,-0.07571493404753069,-0.0725145156330922,-0.00361791469339925,0.05438503338133588,-0.011779896783478119,-0.003197959464673391,-0.006233647875213886,-0.03501118846675929,-0.048863838043283016,-0.05005106211585157,-0.08024020843646106,-0.09231364700724097,-0.08011856236878563,-0.09599198190604939,-0.11118805303293115,-0.11837407087578493,-0.12127638809821185,-0.12307749513317556,-0.12712182779522502,-0.12163125811254277,-0.11591618367854287,-0.12738884143969592,-0.13051580190658568,-0.12718391173026142
7,0.0021250544302165507,0.0003220176034665201,0.008726718216203154,0.03800992891192436,0.05121394019573927,0.06894857004284859,0.08629145726561546,0.0859665758907795,0.0979300456494093,0.09749201312661171,0.10910611428320408,0.11185091860592365,0.1341334643959999,0.1415190067887306,0.13567181214690208,0.14439331740140915,0.1336766628921032,0.14426478400826453,0.1386386415362358,0.11451143488287925,0.00813454361166805,-0.12993170835077764,0.005461944376584142,0.02996070687426254,0.028003626754507422,-0.03382899135554908,0.08352152388542891,0.18537939995527267,0.3120984315872192,0.4159533607959747,0.5513385701179504,0.5244981735944748,0.5928025984764099,0.6827957582473755,0.8106356447935105,0.9676509433984757,1.34389235496521,-0.287478898249974,-0.9328305077552795,-1.3687537980079652,0.003535741143859923,-0.010954244043678046,-0.04046721033751965,-0.059250736199319365,-0.034404095504432915,-0.03319879564456642,0.002768072453327477,0.03507865795865655,-0.038988799154758454,-0.035105178281664845,-0.038546126168221236,-0.03159766984172165,-0.031158895501866936,-0.02407284463290125,-0.02502212599851191,-0.023590953228995203,-0.035370184686034915,-0.0430481775291264,-0.049933583661913875,-0.08874818012118339,0.09419013373553753,0.11845543071627616,0.13550936803221703,0.148346259444952,0.16884106993675232,0.21759063631296158,0.2583070382475853,0.2814018750190735,0.21631576299667357,0.2554222944378853,0.27611882269382476,0.30485012382268906,0.28891025990247726,0.2863696584105492,0.29683609038591385,0.3259211292862892,0.3515860339999199,0.3645705989003181,0.3548330867290497,0.3528821611404419,-0.01632073078304529,-0.0311232640594244,-0.030397035591304303,-0.03699451392516494,-0.05066836355254054,-0.06304239191114902,-0.19843145385384559,-0.2618413293361664,-0.01948029216269788,-0.031184782080817968,0.010476529839797877,0.02866460183635354,0.03052097650244832,-0.0038836884749071034,-0.0038670523901237173,-0.040483689354732635,-0.010830265063559637,-0.02357108924072236,-0.012042519625974819,-0.06406486934109125,0.009811949236318469,0.01662194237112999,0.023067367170006035,0.027905656099319456,0.04426616039127111,0.03178335042670369,0.04728460662066936,0.05556708052754402,0.05413911253213882,0.05886820390820503,0.06333180006593465,0.047918132171034813,0.03334572600200772,0.023819506671279668,0.008565139548154547,0.015230890261009336,0.03769981998950243,0.05020794969052076,0.05716009460389614,0.08377090394496918
8,-0.005628378060646355,0.00608533464896027,0.009694784523453563,0.009461856383131817,0.008222534334199736,-0.009658394604048225,0.03404852940700948,0.04177622921764851,0.04521772138774395,0.03955484725534916,0.03929919948801398,0.03830504421144724,0.03305748947896063,0.020142865031957627,-0.0037449641741113737,0.0327533395588398,0.09807073406875133,0.08484315019100905,0.09530601523816586,0.11419415712356568,0.035435412693768736,0.07716139934957028,0.06334934316575527,0.03694958442822099,0.02501178613107186,-0.030848069806816057,-0.04582668786402792,-0.1225311940163374,-0.13608958438038826,-0.15303078144788743,-0.19789136990904807,-0.18126945480704307,-0.20657205939292908,-0.23232094541192055,-0.20011063233017923,-0.18780178382992743,-0.15267473585903646,-0.1711841680854559,-0.1756058280169964,-0.186929087638855,0.014508971308241598,0.01979076297953725,0.012529958813393022,-0.04722579647554084,-0.006735547482967377,-0.03464818369131535,-0.07226137055084109,-0.2121271786093712,-0.24227678209543227,-0.12063744898885488,0.10384626880288124,0.2581084820628166,0.5865555053949356,0.967658431828022,1.408693751655519,1.7406031264364719,2.0603802987933157,2.343516391515732,2.562689797282219,3.1900183069705963,0.02720653710886836,0.06103510569781065,0.08151707604527474,0.07734891414642334,0.08675101146101952,0.08343462325632572,0.12048871740698815,0.08253295697271824,0.1128349780291319,0.1604380962252617,0.11474566042423248,0.11657933913171291,0.1826352732628584,0.22692878022789956,0.26945241063833236,0.2792195922136307,0.32431700751185416,0.39990417391061783,0.4266599079966545,0.4303706547617912,0.04593452125787735,0.06944495756179095,0.09698025740683079,0.11549977004528046,0.10903210163116456,0.09560592859983444,0.16798855751752853,0.19574499249458313,0.10653973981738091,0.08531624358147383,0.17886053308844566,0.25031795382499694,0.28608285024762153,0.2188442961871624,0.25770707726478576,0.1764404145628214,0.21506163910031317,0.20203041464090346,0.10587995111942292,0.21046267941594124,0.02625261964276433,0.03481461914256215,0.04896168686449528,0.03822855418547988,0.028531723963096736,-0.03226058825850487,-0.07614634219557047,0.0020961999185601598,-0.047573297249618916,-0.06673849700018764,-0.07401682466268539,-0.09327088564634323,-0.11714526042342185,-0.11833018835633993,-0.0980894148722291,-0.11072943326085806,-0.09521511547267437,-0.15360480651259423,-0.11184808202087879,-0.07230716835707426
9,-0.04493884188009471,-0.058680417515882634,-0.03227324181849637,-0.03428446887651595,-0.010543292001806905,0.13757948686436908,0.1004232199090283,0.09065887077552516,0.039625196808540236,0.026626774768640355,0.016288453220778782,-0.028314760446026013,-0.07279453939962678,-0.14589200423258106,-0.19003248977951887,-0.04830727728492603,-0.07429262661806695,-0.10008166276100205,-0.10587387204897113,-0.12242233235298133,0.04593643564276579,0.10967783929734695,0.093645847152646,0.08394833881317115,0.05941239228790126,0.07080618950833635,0.057344194319916934,0.08252046756991525,0.13305926395625603,0.15537924401280356,0.16496684484002067,0.13417340460710409,0.12136801046024008,0.1533553907420577,0.17368975626986202,0.18523391336202621,0.1856157198184874,0.2187326330600715,0.22419087370721305,0.20654915509427466,-0.07362326007427239,-0.08860840503035522,-0.08618339357852209,-0.08685864794363336,-0.14119736850261688,-0.1589287990113584,-0.13558457337501573,0.12831389672682258,-0.007677448328672099,0.037264595865541726,0.07560707624183922,0.13745070921211708,0.14104126675463305,0.14126076113160063,0.11494915400881593,0.11312937309465758,0.1199714396512363,0.07853134224055017,0.0957241118544849,0.05664184862725073,-0.06466268611753859,-0.19525470911729625,-0.10835753026895406,-0.08308691086202133,-0.09555443648884936,-0.043531626758233806,-0.016287842104403108,0.0747539423769567,0.13364528673814563,0.180327828882671,0.25935145976339896,0.32947114475707456,0.28417624415057463,0.3359184589509557,0.32697621115097186,0.3578602866973819,0.3993269283517559,0.3612637741281083,0.35207434343855554,0.34130393675096876,0.1662599921408223,0.37113580507476157,0.5372800848832945,0.7994348166919336,0.9436880117509423,1.249902226575991,1.626015288073842,1.9132185999940081,2.0224834651481816,2.671748039199085,2.6103976790497945,2.6729226693874453,2.7038767425025383,2.581196218002133,2.956927610606682,3.25772478522324,2.872526870995033,2.9020729166705435,2.997864148965696,2.877815429757281,0.010485765595193498,0.0554954342930237,0.12600492657639267,0.18837583632912577,0.26542743804251273,0.5826731491379622,0.5864084740964378,0.5846017099371771,0.6278673248683534,0.6080099337893289,0.608696619821031,0.5596601260689701,0.5495177879929543,0.5324962615239911,0.5220575508911435,0.6400707863816401,0.5284320855649506,0.5394855710427936,0.5414028560243002,0.5634787540610243
10,-0.00480474964948371,0.026756615452468394,0.04183103010058403,0.04227019414305687,0.03869704116135836,0.061848577670753004,0.08492319002747535,0.12558848023414612,0.13716954708099366,0.10792743414640427,0.07187135897576809,0.040449549220502375,0.02562161423265934,0.03513175871223211,0.02576660169288516,0.005429393078666181,0.00971506831701845,0.16596570253372192,0.1423674662411213,0.2284283944964409,1.3158057987689973,1.8886235642433167,2.1624900770187376,2.363346288204193,2.5039860677719115,2.5730671286582947,2.6644331002235413,2.694458317756653,2.7235784983634947,2.7479890823364257,2.758258466720581,2.735177175998688,2.7791525316238403,2.806385326385498,2.8216282868385316,2.8330982756614684,2.8595515203475954,2.859791302680969,2.903779990673065,2.8988618063926697,0.17750109300017358,0.20434633165597915,0.3170975062251091,0.5252248284220695,0.7573858034610749,0.8078895580768585,0.822064790725708,0.7427505725622177,1.034065986275673,1.0253888899087906,0.9774067771434783,0.9238559430837632,0.874290509223938,0.8242814338207245,0.8042841482162476,0.8893133842945099,0.927709910273552,0.9309491693973542,0.9631272780895234,1.0737540471553801,0.2355727244913578,3.1185483145713806,0.1491152122616768,0.11269285127520562,0.23946047827601433,0.16897447124123574,0.2641761749982834,0.21801669389009476,0.22921977460384368,0.28090612024068834,0.24173938676714898,0.29542660146951677,0.4297383373975754,0.465629977285862,0.5225840938091278,0.495528382062912,0.47208833783864973,0.529859344959259,0.5154880526661872,0.4578965398669243,0.1719786734879017,0.35114403516054155,0.5786912477016449,0.7028663969039917,0.8298097914457321,1.038762514591217,1.103148877620697,1.1191710579395293,1.1056343197822571,1.0576137578487397,1.1647633528709411,1.2312907195091247,1.2447669649124145,1.2607199239730835,1.2689634549617768,1.1916339242458343,1.1267539012432097,1.0874443995952605,1.1191695129871368,1.4933734238147736,0.0256373430788517,0.05649375569075346,0.05582424998283386,0.07931116856634617,0.11863577365875244,0.09888094075024129,0.10696338146924972,0.12363787807524204,0.11153871424496174,0.12599215552210807,0.12243260003626347,0.14864182382822036,0.18191629245877267,0.19755192697048188,0.2455160215497017,0.23961504742503167,0.2875631138682365,0.27539988815784455,0.2603637702763081,0.26368849724531174
11,0.016622953399112732,0.017744092736393213,0.024749877547487767,0.05708770775659518,0.05895152733181462,0.01820185264064507,0.0006856727679148363,-0.016918264334137092,0.011127099741508684,0.051309547396470805,0.07525969420870145,0.1174526707542063,0.1511258381334218,0.23435719762787674,0.28525214604657106,0.29905946898942043,0.07034985596934955,0.11019767896093503,0.15189633857120166,0.17250023676891518,0.09211787822270634,0.07639634981751442,-0.003734270580503337,-0.0721733012622354,-0.1378822359021264,-0.15832991408880312,-0.19949010270412523,-0.2427148111540862,-0.22060794225244812,-0.2379924024295325,-0.2651445143150561,-0.28486716386043665,-0.30567893852489164,-0.30659661133481997,-0.2865389568938149,-0.27381497817208067,-0.2765685088104672,-0.275830325755206,-0.2646318777944102,-0.2760430858893828,0.049818514121903315,0.16741467643566807,0.14966139385495522,0.16223544047938454,0.1602226384360381,0.1246585597594579,0.12831655551086774,0.1360438640671547,0.1490875112287926,0.18182011731345243,0.22671065773024704,0.26142496803794246,0.25451031432609367,0.23701565163304109,0.2234389435763311,0.17427217546436521,0.12157431207220963,0.07714965331810292,0.021099166053869394,0.2248141100310316,0.007828692234158892,0.09449310854754665,0.019006951779098898,-0.005401609587774734,0.14507978657881418,0.3137808633272094,0.49056716519172744,0.6304991293435145,0.8038403572458209,0.9088622632652822,0.9705474683732698,1.024050017799994,1.1717364318443066,1.2011669729695176,1.1982352083379573,1.1906291703985195,1.1492514742745294,1.0872111489074399,0.998396695864321,0.9329793362906484,-0.1132648688825694,-0.1598485783495084,-0.20290764176634826,-0.247974650097089,-0.24482272557839,-0.26192015936278334,-0.39892149362901247,-0.3590665197733677,0.11091350779087857,0.43007173381670555,1.170370430657358,1.8050808352653427,2.3639673801383587,3.2141831980811224,3.1233840927933203,3.4695775003144234,3.5449130848200636,3.6497746453140723,3.6138612646045107,3.7222595624249393,-0.04426443823283971,-0.05927014753523499,-0.08903782837318652,-0.10456331284961315,-0.12392441025286009,-0.10182500201644319,-0.09061696244911714,-0.12424648067716396,-0.12542257567096238,-0.12240779810030052,-0.1293523958837143,-0.13839687978980517,-0.12515329697517433,-0.13090184139031352,-0.15758550195305637,-0.15580136690175894,-0.1786007875567208,-0.17162515446919985,-0.1696889635735201,-0.1644040293370684
12,0.01871843194377791,0.015326402226904618,-0.0017038073456580943,-0.02153202753091596,0.0026530199228892745,-0.00684898162742065,-0.0025889756639820185,0.015806435031297895,-0.0005716121692794613,-0.08793416381189503,-0.0921274755418915,-0.10295052089027523,-0.11476706406197597,-0.10292516134141647,-0.1418541643730144,-0.1469686489129804,-0.11389188337879083,-0.1545217536466638,-0.12031734665644538,-0.11494045389681748,-0.023257961458305724,0.03679895496053487,0.044564887372412015,-0.0037587625054574976,-0.038090206472654396,-0.008930113267533952,-0.026913492025845906,-0.01930635795837326,-0.09198725552864603,-0.10405707712640468,-0.04083582155944146,-0.008688602680082376,-0.005117620096647555,-0.03946541279155914,-0.04106084345215835,-0.037866660870837295,-0.03994571883351417,-0.07020663231318414,-0.060717174683135845,-0.07182766314531129,-0.010362682307196646,0.0003525334213543491,0.034725250925907156,0.052002209747574996,0.06979061613224216,0.060694240264056884,0.05390605855656346,0.060914865512516084,0.07070763908403437,0.09547672535955291,0.08774798893436943,0.1290804264471703,0.15121519058635555,0.21017217912624792,0.25452901991372257,0.20093334965484658,0.23375387489795685,0.2678964016671033,0.2942601144313812,0.34284352580296623,-0.07196924566608115,-0.11497577994140153,-0.13337605561792237,-0.3035487099406646,-0.30697602125787243,-0.2928754616643965,-0.23794427283645905,-0.2973023256690232,-0.37604748741867616,-0.3754415942221573,-0.3309989805074082,-0.3459571375674808,-0.4756703167846522,-0.37416713508134036,-0.3129760702860724,-0.2944956014758533,-0.20954409356891496,-0.2232971042394638,-0.2595473759874855,-0.22025774219601424,-0.011239281016842892,-0.027385329720252146,-0.0316711290878695,-0.030181170724447547,-0.036289804561073245,-0.016202831026358704,-0.011923952085762909,0.010990979819813295,0.09188187567843605,0.04344570698497394,0.09628263083238577,0.11385149593205796,0.09676486945989513,0.0016665592964122927,0.08491672133935672,-0.008368510829726445,0.0349390296638732,0.03496309501159763,0.05310608030263258,0.06219714363441639,0.0028718495227668924,-0.03551782809015479,0.05306388574085899,0.07151206029751866,0.11093599203321122,0.23956960823732554,0.2873849094528513,0.46576935974593014,0.44265193699561445,0.517036875805904,0.7874501845271317,1.115294352020185,1.3901730468592692,1.727534244969948,2.050329386573477,2.342514084786484,2.477953640456052,2.6878965834981385,2.9355503480458998,3.2855886970598673
13,-0.00038073805418889603,0.008589156656526029,0.0052543560904450715,-0.011115731513127685,-0.041662156619131564,-0.06340555172413588,-0.06877798676490783,-0.062266595773398874,-0.047344088405370716,-0.014971463093534112,-0.01208970339037478,-0.01337450884282589,-0.00012973923420304346,-0.0018106043961597608,0.002045959027018398,-0.019363059140741826,-0.014605108043178916,-0.02796215472742915,-0.031913561727851626,0.0014052044670825126,-0.11120096817612649,-0.010894791049940978,-0.02728295173496008,-0.04016534866765142,-0.02609592815861106,0.0590786463022232,0.06227762930095196,0.1306873368471861,0.13894339948892592,0.12049671933054924,0.009268861509044655,0.1534751532971859,0.1538909751176834,0.16753896921873093,0.15090626545250416,0.14688320383429526,0.1573092421889305,0.17297345384955407,0.16441527038812637,0.1552538228034973,-0.015415545385330916,-0.0035521274409256874,-0.002375107406405732,-0.008886913796886801,-0.027563820723444224,-0.006616501691751182,0.004583708589161688,0.01316867525689304,0.007611938226036727,0.010802138382568955,0.02269224517047405,0.024952758960425855,0.01872647593729198,0.010743756194133312,0.00014278328162617982,0.010130397009197623,0.020592766059562565,0.012531134458258748,0.012014200377743691,0.04491366889327764,-0.018826688919216395,0.05840506084263325,0.07387425057590008,0.16701025903224945,0.22041958048939705,0.23381063029170035,0.3096435052156448,0.4558973875641823,0.4477197077870369,0.3023581847548485,0.7178274536132813,1.0641198670864105,3.5245387983322143,-0.15421926036477088,-0.3974870586395264,-0.20516182199120522,0.03594009131193161,-0.036890424489974975,-0.027744281683117152,0.044871756248176096,-0.0013683077826863155,-0.007355165565386414,-0.01887325132265687,-0.017321824617683886,-0.021738720890134573,-0.020147209409624337,-0.030938300769776106,-0.057323317229747775,-0.09944129705429078,-0.05933295670896768,-0.08329523488879204,-0.06787903569638729,-0.04044778067618608,-0.03214863119646907,-0.010243040348868818,0.028266901434399187,-0.003372233151894761,-0.010840649046003818,0.021955874413833953,-0.0046988631496788,-0.0067891294648870825,-0.033995320238173005,-0.04871235251426697,-0.0582795399799943,-0.07301267221570015,-0.07741171531379223,-0.10452538058161735,-0.10338137663900852,-0.07279187001287937,-0.06293835282325745,-0.07725511752068996,-0.10879025168716908,-0.12052774056792259,-0.12842039868235589,-0.14077019855380057,-0.14069025725126266,-0.13500910371541977,-0.12949207112193106,-0.12241489201784134,-0.13577600702643394
14,-0.0017540344127337448,0.03192569920793176,0.00446936931428354,-0.021573923039250077,0.03753792958334088,0.16124233081936837,0.2607568226754665,0.4034483641386032,0.5277662962675095,0.6673530519008637,0.7079922896623612,0.7092195069789886,0.5490882539749146,0.4241058173775673,0.26247535794973376,0.08011647805571556,-0.954884656071663,-1.610020408630371,-1.9315627276897431,-2.1310320043563844,-0.054762238487601284,-0.13277115151286126,-0.07431749923154712,-0.12091351207345724,-0.1774069754034281,-0.30557561919093135,-0.3157770328223705,-0.3822778832912445,-0.40473212748765947,-0.4080824613571167,-0.3356797543168068,-0.2670379190146923,-0.27145003005862234,-0.2772653955221176,-0.2963102902472019,-0.29758224442601205,-0.3312868216633797,-0.31842036455869677,-0.3280489447712898,-0.37483023047447206,0.1614434739947319,0.08649267926812172,0.03333009155467152,0.13126367032527925,0.31967094391584394,0.2385656403005123,0.21851403549313544,0.21539359897375107,0.2898475709557533,0.3273020139336586,0.33905511498451235,0.3404152798652649,0.34411180794239044,0.3616501155495644,0.3461192002892494,0.3470295628905296,0.33444897294044496,0.3009722319245338,0.2739375099539757,0.38146006494760515,-0.04028239741921425,-0.04101932317018509,0.018860247124684974,0.02706650162115693,0.028233789009973406,-0.03927011542022228,-0.05060530379414559,-0.18282841205596922,-0.2063808546960354,-0.23357907250523569,-0.35056078851222994,-0.3880678540468216,-0.3392106974124908,-0.3864608207345009,-0.43897438555955887,-0.4498016408085823,-0.4268281579017639,-0.48726714462041854,-0.47179131090641024,-0.45311218947172166,-0.04312737043946981,-0.07179506670683622,-0.06749791435897351,-0.0038338437481434083,-0.026807225453667344,-0.012893587782455142,0.010297617629985325,0.019330123608815485,0.014581375504494645,-0.03849010245758109,-0.025828020113985984,-0.036091054938733574,0.01545481244520488,0.7405631351470947,0.008327651505242102,0.11374539017677307,0.1103640491515398,0.16228743627667427,0.07105837920680642,0.21300640434026719,0.011599036518018692,0.01695444987039082,-0.009625067028682679,-0.07004086009503226,-0.062291478789411485,-0.1044306726846844,-0.12731105033308268,-0.0657312513809302,-0.10323157295584678,-0.1310211418569088,-0.1546487683057785,-0.2004061908274889,-0.23838635683059692,-0.24167901456356047,-0.2419779519736767,-0.2684529061615467,-0.24156592473387717,-0.20730453915894032,-0.16442668236792088,-0.1293303165398538
15,-0.00111192810931243,-0.012770734494552016,-0.007165191993117333,0.031015053633600475,-0.01323549353517592,-0.01441236718557775,-0.020449944641441106,-0.017445793384686114,-0.011336167529225349,-0.006211215690709651,-0.024253194890916346,-0.049013358056545255,-0.07252912044525146,-0.07867595575749874,-0.09289688482880593,-0.09303835421800613,-0.09659824237227439,-0.10288189627230167,-0.09558168992400169,-0.07488846868276595,-0.013848593151196837,-0.011307379035279154,-0.09145034871995449,-0.10403964042663574,-0.10690268956124782,-0.12174897000193596,-0.16411739096045494,-0.1813110312819481,-0.12159500934183598,-0.1443185330927372,-0.1869681580364704,-0.20247335106134415,-0.23861698374152185,-0.2435717499256134,-0.2599199749529362,-0.26011252105236055,-0.12458278328180312,-0.1323149401694536,-0.12332056149840355,-0.15974298045039176,0.010060764886438846,0.005152487335726619,-0.007384402737952769,-0.01256017092615366,-0.01991233926266432,-0.016169503834098577,-0.016799164712429048,-0.011579775251448154,-0.017529370076954365,-0.017956885136663915,-0.020948703959584238,-0.012013593427836896,-0.006732969704316929,-0.005311389714188408,-0.012074771416373552,-0.015868333652615547,-0.007269726078375243,-0.017371173417195677,-0.02076125374995172,-0.03070748345926404,-0.1164988835155964,0.0047699740488315,0.0013401271471229848,0.10297824561595917,-0.07604729138314724,-0.043840970136225225,-0.02695172978565097,-0.042367308773100375,-0.019364997250959276,-0.13269135855138303,-0.04453465647995472,-0.04751623075455427,0.5739435356855392,3.1782145881652832,0.19664724303409456,0.042123787328600885,-0.01681315356050618,0.38258101597428323,1.0443780034780503,0.5083979433774948,0.0016124565328937024,-0.0005280274821973307,0.004509461610578001,-0.009152063406072558,-0.01502917991951108,-0.016979733649641275,-0.009412148278206587,-0.016227106982842087,-0.013658701064996422,-0.004333999961381778,-0.009965559740085155,-0.012783241411671042,-0.006505416240543127,2.2102270086179488e-05,-0.012906746317166835,-0.013796533839777112,-0.01964832336641848,-0.020250269686803223,-0.012927725338377058,-0.04179406426846981,-0.00742373428773135,-0.01878771750256419,-0.03538856897503138,-0.042075814120471476,-0.05305152226239443,-0.0507178957015276,-0.057720746248960494,-0.055182604379951955,-0.049018099755048755,-0.048866770938038824,-0.044991062991321086,-0.06025254052132368,-0.07196748182177544,-0.07705501571297646,-0.07158240713179112,-0.07054494872689247,-0.07381749980151653,-0.07048766165971757,-0.06877371583133936,-0.06257148325443268
16,-0.009852151094813539,-0.017970098972772106,-0.026239108407136166,-0.035737328569997444,-0.02548610356946786,-0.043294869175161975,-0.054526822020610176,-0.07057569401733803,-0.06842461032698853,-0.06438247099368259,-0.049089192215240364,-0.05306937342340296,-0.05756248514911141,-0.05222101099412851,-0.04709126988444665,-0.06309553194377157,-0.08121227811683308,-0.10381248969622332,-0.11367353097055898,-0.11854518551116038,0.012381847599765869,0.054662479031266586,0.05426774046035728,0.021206132305616684,-0.05065377557066956,-0.06464605187677373,-0.11066964231055192,-0.1472269758732632,-0.10207442653299582,-0.14774895120750775,-0.12032722508666491,-0.14572647123625784,-0.1729879534304744,-0.1778214561818826,-0.19101969100008107,-0.18392799749518884,-0.19660879927452166,-0.22376969110484074,-0.23673965368005964,-0.25054900573961664,-0.013831253219960314,-0.019235541404347228,-0.02429085894666537,-0.016055503163975898,-0.017652600523874615,-0.025734093755182593,-0.02283857435439572,-0.007220487571274391,-0.0052756742054521286,-0.007987140575564947,-0.007975407312812302,-0.013509019226249721,-0.011788833444241923,-0.008295130579040922,-0.00163061815835659,0.003644476482418902,0.023947506522138912,-0.008533568095622791,-0.004136597931695481,-0.011514684994413394,0.22762755884064567,-0.08786328543316234,0.025784442018990338,-0.23266772368941643,0.11415271664207632,0.10349006130538806,1.5343501543757891,2.152403870014229,2.5486639003561002,2.960194720162286,2.9188874032762318,3.0590163409107864,3.3201130544296418,3.433348701457785,3.9952771374673555,5.849626579669991,9.245954513549805,11.59799092225354,12.690723939375443,13.125193335793234,0.00042652792399167083,-0.0028287305807073912,-0.012107443102080413,-0.01326540969500337,-0.019938611566568867,-0.02647388581600454,-0.03644869077687311,-0.03999793224714019,-0.03793288733471523,-0.043457123893077924,-0.06548579432296031,-0.07153619637694021,-0.07983776016367806,-0.10233280882991926,-0.08677613456742932,-0.08190829991692244,-0.08842590052371073,-0.09473632298635715,-0.10750706719629692,-0.06569244486816002,0.004246653029412934,0.001494480938794772,0.007478964778434748,-0.001396664973016772,-0.022327724204520987,-0.02724242276239275,-0.026756227317482534,-0.043374467904519556,-0.04873068006050707,-0.03411564458575514,-0.021982958521505797,-0.01605221386434454,-0.019785196002986696,-0.022993747069679125,-0.02244076328446167,-0.011106768176147733,-0.015608041274427163,-0.012446111783084243,-0.014012625638508436,-0.015093528157608076
17,-0.0195412316849244,-0.00405363715536581,0.024272687886793588,0.0328865468732475,0.08498338156754208,0.06768384921489302,0.04625231910919406,0.053104532632938364,0.03475368692126778,0.021245038096034497,0.010867863631349407,-0.0073443500149710655,-0.021930779839299388,0.007841478898213966,-0.013693568727587225,-0.016701366056294478,-0.03339867080686633,-0.01147179970650972,-0.009028484975227836,-0.15916283505479084,0.7837370929029799,2.1721038400512382,1.5279951759220398,1.133260204619968,0.7147124870536253,0.027328422355475192,-0.38381732835256754,-0.6699446516553151,-0.9401523704381333,-1.0282004137629086,-1.0388300805976711,-1.0662348820376641,-1.1630575257478302,-1.2940153608617095,-1.3714066412031036,-1.3684665013834374,-1.429986585661308,-1.4902821926726508,-1.5580539672645097,-1.6378857241463416,-0.004223963876924732,-0.014281120379311368,-0.02057241994771175,-0.034863703947192654,-0.23947584582972772,-0.17001160810288696,-0.09513998273568056,0.008566611492046221,-0.1992158524154388,-0.20185543550658472,-0.18779806623753814,-0.19902848383200536,-0.1925368350498455,-0.16722309589385986,-0.13922199944859928,-0.1691397219589076,-0.18245024118841308,-0.194687990337303,-0.20155667352307702,-0.27592141357893796,-0.10257070657518721,-0.2224303377965062,-0.1859804543944978,-0.16758016443129667,-0.21214061867944972,-0.11165148327031087,-0.12190291807823575,0.012858321970045451,-0.029061036333249708,-0.13549501272206455,-0.09540091938886446,-0.1045830636525277,-0.10966137028539304,-0.14644619192659242,-0.148279967996263,-0.2421687936659941,-0.2828791868133643,-0.3679810123345287,-0.41333621955409494,-0.4358097981546343,0.003514828765584809,-0.014668332293235694,-0.037067329098192076,-0.07916259085855533,-0.07116561761298745,-0.06390108703875665,0.041389021422406753,0.09650764741080324,-0.024151501260198577,-0.007053716506055297,-0.01675251312313851,-0.012590437307809815,-0.02959474211213054,-0.017354432637467214,0.010731603328580247,0.013847899930455635,0.009962532102381186,0.03336776512766199,0.09344800930355013,0.03851240968389302,0.0034811826654853593,0.010594095528298585,0.014425318786567174,-0.0014308118703955132,-0.026639809011068848,-0.06690533804832045,-0.10675374579798315,-0.0629016327522887,-0.07099887095967826,-0.07816596695020334,-0.08103785890432977,-0.09778665367168249,-0.13059103803843566,-0.12486730834718832,-0.09138083590444215,-0.07276090473109453,-0.08792631690073566,-0.08383804722689092,-0.051208033850512556,0.02007177453962174
18,0.057121366170453436,0.06826002928025929,0.06183541473001242,0.018150672023357066,-0.034861054455424534,-0.11644165732978302,-0.20695210919703966,-0.28047033960436596,-0.34017532217649765,-0.3885081307387646,-0.26571042578161497,-0.259952582878831,-0.22640518255439807,-0.1796438068519404,-0.12335621648364598,-0.15337596281811042,-0.12959645633344297,-0.10353602754113114,-0.09771060134157722,-0.23292721918335668,-0.43046181952511825,-0.48855284886595646,-1.1107076583085236,-1.3226812194894861,-1.3005351534596197,-1.1492942682018987,-1.0285994668065765,-0.1738227696882354,0.8987512051323314,1.7018946394508268,2.4406787789898154,2.964673001089214,3.150219926127681,3.350299705693751,3.3132795816586342,3.3103193942411444,3.428777965498559,3.667730387346244,3.640943815678726,3.663509327688335,0.01714394755523514,-0.011911946291716217,-0.028693113488973014,-0.015605857167507948,-0.04929540044179669,0.14867915093530842,0.9737213614546223,0.03369988091749909,0.05601150763255579,0.07846155003816993,0.09710287969605422,0.12475398596790102,0.15067531278839819,0.1494899993693387,0.12212772989346657,0.1290964589074806,0.15349839075847907,0.1679607281162415,0.1702090064868515,0.1956543039392542,0.0067806985494422,-0.03871256113339813,-0.06917626363581714,-0.0660990289768871,-0.0903745866107559,-0.16152444500246166,-0.15128263067684056,-0.2375539693935418,-0.20577245582768947,-0.19236075859746815,-0.24706690546907026,-0.25846155723671854,-0.29173405229309457,-0.2690616601411207,-0.24416897455115377,-0.30749700485188286,-0.10636133850080731,-0.10012571762292934,-0.08526010795824811,-0.04151471322804781,0.00976184998239379,0.016230677603586773,0.04454666078320624,0.15062947580475866,0.1856502071942812,0.22783615780465397,0.1654701562207422,0.195148934368734,0.21936312281055215,0.00474732947739899,0.15249510909672137,0.2496196782147443,0.3372477719813217,0.46716582738322976,0.3610219657421112,0.2374772706333502,0.45547260619975904,0.47996147473653156,0.5654820994830426,0.5081971177348384,0.031440961398874166,0.06098600479279771,0.042245173113949507,0.000591226307284317,0.007798100156238142,-0.09455011796887482,-0.0805123491488673,-0.030751779031606367,-0.02813325460172362,-0.025517048820117374,-0.02635890502988556,-0.012986390311040995,-0.014128223659447681,-0.018263448581651406,-0.028723084022877394,-0.11874920224058039,-0.07469686193544027,-0.09642547876487866,-0.1149983118161743,-0.161622244818711
19,-0.007793569882856088,-0.024791692423218107,-0.021147409057680595,-0.004489266348773139,-0.005097777512112751,0.008406626262474171,-0.004469596365952191,-0.0056990865881782655,-0.004015803654897838,0.005156923757625763,0.009884815113222662,0.0018495323401827803,-0.003156627311019544,-0.00923309315917419,-0.015030393495838693,-0.027444640075431227,-0.049596943516046446,-0.06907976878450271,-0.07559144060979499,0.039457366068629506,-0.02643624003580276,0.023844955439500985,-0.0905016100311533,-0.09289516635397647,-0.005262836196824866,0.15839212070754233,0.15048237073611706,0.16570057379121475,0.09918425513550322,0.07324236357941273,0.009594155640212541,0.03595286780259909,0.0759882527165749,0.0790355293417072,-0.026252492791675824,-0.07082453112494438,-0.08403567842980648,-0.09276209684445504,-0.052760260258900356,0.0034288029454863987,-0.003311865149992221,-0.022346407175064087,-0.017451647223231007,-0.01753786864611221,-0.14063806530643017,-0.06878258850663266,-0.04708555685554413,0.09296912283814968,-0.076698677495439,-0.06630111699725719,-0.05617842216916541,-0.046647649099852175,-0.033668950001927135,-0.024526756435157136,-0.02798936565584959,-0.046477420057388065,-0.05463467316424593,-0.027159276695803126,-0.037224700278107155,-0.07495674372036407,0.37162912938188997,0.46506482489565587,0.8256107758968434,0.1549502818825397,0.4837396002196251,0.6967848818352882,3.0253665218962,3.8717566551046168,4.201402958403242,4.567232380522058,4.502067789118341,4.410279076150123,4.31212358271822,4.485600207714325,4.405939416682466,4.522682950851765,4.295229927022406,3.8798247981578746,3.724858489442379,3.8254458371629108,-0.017816057042317823,-0.03880427266530534,-0.05889695109997658,-0.08095661447720325,-0.06608355584296774,-0.051974813315145516,-0.03173124259139629,-0.014780500297189412,0.02492996634172888,0.07910515869313732,0.009999285456247658,-0.04675333794364904,-0.07587734372057814,-0.09452924354279295,-0.08985477987122029,-0.03901626591749014,-0.0742766566653835,-0.04423235463810728,0.15989830804632066,-0.11862830033010625,-0.012178478440507613,-0.0019266690659160883,0.018661876139726412,0.013994095510149256,0.01310207309855267,0.05276764947128423,0.042852043729037684,0.03614526105291666,0.03897674214293031,0.05601271444020119,0.06195621061673824,0.0597350224059947,0.05066785743420429,0.03936432246515091,0.03735166296679923,0.06823083992175599,0.030439706935368953,0.03242086985723135,0.03681362093366841,0.0693560799861208
20,-0.06709842242300511,-0.17085696935653685,-0.20483552604913713,-0.07238949611783027,0.02783974542049691,0.1688194367289543,0.39540274560451505,0.697447485923767,1.07300400018692,1.4813256573677063,1.8758987081050873,2.2901261234283448,2.6219185185432434,2.996294162273407,3.2486762166023255,3.450693595409393,3.453936667442322,3.664343492984772,3.793150954246521,3.8301260638237,0.1983777417242527,0.47437416940927507,0.8939316529035568,1.246129412651062,1.4646469748020172,1.547351826429367,1.7187883472442627,1.7691967248916627,1.8144323647022247,1.8907121789455414,1.8892564129829408,1.9430508363246917,1.9554556047916412,1.918520084619522,1.889555447101593,1.8550020265579223,1.8477710890769958,1.8288047432899475,1.7781600451469421,1.6905895531177522,0.039710076414048674,-0.02997432613745332,-0.020457117184996605,0.08271134309470654,0.2292499488592148,0.30740152835845946,0.397258323431015,0.4496689155697823,0.558242889046669,0.6142682301998138,0.6478113448619842,0.6626073396205903,0.6946025145053863,0.7146845006942749,0.7291636562347412,0.7478820902109146,0.7683131951093674,0.7693769544363022,0.7728563946485519,0.7968308788537979,0.014046387793496252,0.021757132979109882,0.03974860087037087,0.06910628002136945,0.06294494852423668,0.08588281854987144,0.10737912617623806,0.15616447165608405,0.21006944626569748,0.1727505412697792,0.17352577462792396,0.20801751524209977,0.23688126519322394,0.2370695438981056,0.24645039379596712,0.2561746443808079,0.32094165980815886,0.32131973892450333,0.39522857129573824,0.4557174175977707,-0.0026819704424997327,0.010517929390771315,0.049198772460222244,0.12499027170240878,0.15713322564959525,0.20135872140526773,0.2899099771678448,0.3486280745267868,0.32777405947446825,0.338852955698967,0.4049630805850029,0.4649198535084724,0.5391913759708404,0.9258719611167908,0.6542677927017212,0.7411611199378967,0.7829004716873169,0.8185727286338806,0.7428744739294052,0.8305914855003357,-0.03318115143105388,-0.06083558276295662,-0.07562881898134947,-0.09854033522307873,-0.09198895119130611,-0.1132139215618372,-0.09132700216025114,-0.035481266529241114,-0.029734413248952478,-0.0345638939877972,-0.03775917193939676,-0.06553575871512293,-0.07686079822480679,-0.07089507479220629,-0.08294927582144737,-0.10661097593605519,-0.07623784087598323,-0.050906973350793125,-0.005621568561618915,0.017709997526599183
21,0.0051928617665544154,0.015460738595575094,0.022072267588227987,0.01338974722661078,0.002744662209879607,0.013230191972106696,-0.015744246765971182,-0.06080158494412899,-0.0757007173448801,-0.08365018114447594,-0.07769341811537743,-0.052936151064932345,-0.020992952417582273,0.0673080550134182,0.15544013395905495,3.894921426773071,-0.03531710691750049,-0.06743138313293456,-0.10216419264674187,-0.09560096256434918,-0.02117192342877388,-0.007451858790591359,-0.007478536232374608,-0.000519815135950239,0.0002525951371717383,0.03520354565232992,0.029345738273113965,0.028983420934528114,0.04074051361531019,0.03602306863293052,0.025228372905403376,0.023616111241281032,0.019310658657923342,0.02932618210092187,0.03425159525126219,0.028183884900063277,0.021447790879756214,0.018373966719955205,0.007646316652535461,0.030989465471357107,0.0058044692594558,-0.0057399599673226475,-0.010654918747022749,-0.007279502530582249,-6.468816822234658e-05,0.0042067058989778165,0.02842559590935707,0.03252474684268236,0.03407108606770635,0.041693004705011846,0.04955146040767431,0.04900899652391672,0.056176278702914716,0.06202920883893967,0.06938400208950042,0.07865722574293614,0.07390595965087414,0.07908840164542198,0.0746155972033739,0.09960359543561935,-0.004546849741600454,-0.01094600273296237,-0.028848665598779917,-0.028540959879755974,-0.012803821144625544,-0.014129412947222591,-0.017306093573570252,-0.01178531089797616,-0.029146779645234346,-0.03138738423585892,-0.02307890696451068,-0.023084241971373556,-0.02887227226048708,-0.02146327294409275,-0.022719214111566542,-0.02355557044968009,-0.019148747008293866,0.008695315166842193,0.01596625253558159,0.058201387077569965,0.028123995922505855,0.026893038265407086,0.021252509616315366,-0.0015938745557299682,-0.010523553248494863,-0.012823735345155001,-0.04703233927488327,-0.07441343851387501,-0.061122907660901546,-0.04851489752531052,-0.10130038574337959,-0.14289410471916197,-0.1728731133043766,-0.11663747146725655,-0.209910070002079,-0.17354596495628358,-0.21554130122065543,-0.21456032127141952,-0.199862507134676,-0.22367454767227174,-0.015960930706933142,-0.027081053294241427,-0.02982683287933469,-0.02591050583869219,-0.012634263541549444,0.014993058915715665,0.02968424515798688,0.021209241086617113,0.013962915970478208,-0.0029262206354178488,-0.010940014603547751,-0.0038819672248791904,0.008252261562884087,0.008135739053832367,0.0034888350684195756,0.013020682318601757,-0.005741703265230171,-0.012607077567372471,-0.02438090763054788,-0.04127320317551494
22,-0.006479596956633031,-0.022688190322369337,-0.027171778865158557,-0.03172360252588988,-0.052337940894067285,-0.07958667293190956,-0.09068064987659455,-0.08970040790736675,-0.10890106566250324,-0.12620641008019448,-0.137413931787014,-0.13546892374753952,-0.13693764686584473,-0.13784837901592253,-0.14386112600564957,-0.14648045644164084,-0.15316677257418632,-0.15710194319486617,-0.14737118646502495,-0.15252940878272056,-0.009758014529943466,-0.00856125300284475,-0.04020637713372707,-0.06356896076351404,-0.06503168009221554,-0.06649604573845863,-0.06981399089097977,-0.07946515820920468,-0.07770922869443893,-0.07743112899363042,-0.07231641016900539,-0.06697994451969862,-0.07096121095120907,-0.07114533267915249,-0.07039555445313454,-0.0610302684828639,-0.056864249892532824,-0.07582373447716236,-0.07376387104392051,-0.08817472137510776,-0.1055083616822958,4.046546478271484,4.789629197120666,4.983669180870056,5.120687398910523,4.198356785774231,2.093257417678833,-0.16639830753207208,-0.12805779948830603,-0.13815947249531746,1.4254970240592957,4.069359278678894,4.587126188278198,4.7575532341003415,4.83980929851532,4.1598081874847415,-0.14643074333667755,-0.17044539555907248,-0.19277018383145333,-0.19039051800966264,-0.031263003777712586,-0.07659128963947297,-0.12065712831914426,-0.2138199245929718,-0.0766053283214569,-0.11508538395166397,-0.13251957684755325,-0.13746583610773086,-0.1647995452582836,-0.1802563764154911,-0.18879095405340196,-0.19345980376005173,-0.20387300983071327,-0.2097262205183506,-0.218738846629858,-0.23277962908148767,-0.24036922425031662,-0.24689369812607764,-0.24637159809470177,-0.25072963401675225,-0.00649148681666702,-0.02247067868709564,-0.05210915837436914,-0.09225136026740074,-0.11871513195335864,0.002278290329268202,-0.009031111765652895,-0.0023292291874531658,-0.015326035637408496,-0.0326933029666543,-0.05348409824073315,-0.011059266990050673,-0.0032720072555821387,0.015717625971883534,0.013418503981083631,0.0019672995493783675,-0.007361736174207181,-0.0035646222648210825,-0.009535485364031046,0.010884996615350246,-0.010906165605410934,-0.024697140362113713,-0.03564494162797928,-0.04300572149455548,-0.04058648563921451,-0.05396148070693016,-0.05362217843532562,-0.053463605716824535,-0.05725217618048191,-0.052332323417067526,-0.04520207617431879,-0.053016236908733846,-0.061763131730258464,-0.05757269319146872,-0.06387793894857169,-0.05995955146849155,-0.0711323069781065,-0.07907305963337422,-0.07793967574834823,-0.06536354795098305
23,0.05483780700713396,0.05560857996344566,0.07730850227177143,0.006152940683896304,0.08215221121907235,0.05725028991233558,0.0740837894519791,0.13476581163704396,0.11696533723268658,0.07238637387752533,0.07292193655855954,0.11705450505018235,0.17981853626668454,0.2527399937808514,0.18855735935270787,0.2016226626932621,0.21724081709980964,0.14720332510769368,0.1664942342042923,0.1434639524668455,0.3124099963158369,0.866068048775196,1.6230374336242677,2.616913994550705,3.648263111114502,4.305984082221985,4.92367006778717,5.473567276000977,6.051031718254089,6.33945704460144,6.550790004730224,6.792249898910523,7.044251532554626,7.2663547706604,7.426574425697327,7.519758334159851,7.689100170135498,7.800731663703918,7.875770816802978,7.9411012125015255,-0.04557890048250556,-0.044089324343949556,0.02296674313955009,0.0887354304100154,0.012141115590929985,-0.02934391422313638,0.1323477066680789,0.17478884948417545,0.04656709496746771,0.025208447463810443,-0.018036897638812662,0.06958680600160733,0.11114670272916555,0.1847414091974497,0.2517852945625782,0.09980231657624244,0.13313155855983497,0.17251980677247047,0.17254383310675622,0.19398510128259658,-0.09485979588964255,-0.22896261274814605,0.08235535234212875,-0.3075683035701513,-0.26112818233668805,-0.08959181562066078,-0.23305953219532966,-0.1280766298249364,-0.08544958611950278,-0.1423367346264422,-0.0018840375397121533,0.042524717953056096,0.021519666940148455,0.12938832389656454,0.13915608115923533,0.1439295634906739,0.08431721155997365,0.19144928358495236,0.20753840774297713,0.2197324527055025,0.015052894679829478,-0.021163143841549756,-0.004890359072155661,-0.0260151925124228,0.003856572418299038,0.019761316132498905,0.12142220817506313,0.20893220707774163,0.2387920466065407,0.14882653221488,0.28018211901187895,0.3041644436120987,0.37591116547584535,0.3459244579076767,0.43468876302242276,0.3903957340121269,0.4275995644927025,0.4699791342020035,0.46344630658626557,0.49457238852977753,0.01051803401351208,0.03642737589776516,0.07910025592893362,0.063810690715909,0.04218712076311931,0.10762305319309234,0.17935460641980172,0.2535145315527916,0.04262304987758398,0.0535522582475096,0.17357747323811054,0.16291463509202003,0.07340389317832888,0.08048887354321778,0.18426228314638138,0.3853777043521404,0.3018635259568691,0.37164668321609495,0.5415219104290009,1.0506858152151108
24,-0.011334121947359178,-0.013759676568670985,-0.018288183093224605,0.0019358060658258595,-0.04808525195748536,-0.06938704756117359,-0.07225700959409635,-0.08305170993829511,-0.08126429406945239,-0.07270349973102205,-0.06935007263397433,-0.07118183501141588,-0.07372340133663305,-0.07405259014712166,-0.06603249223883619,-0.047501049974222775,-0.02834882779219716,-0.02245425490528038,-0.02014348277169251,-0.05716353862248745,-0.012216448303811328,-0.22126895957386372,0.44396789725293817,1.01500373648614,1.278166165056917,2.478429860675458,0.2917205703627203,0.10807312733119297,0.1903395519121406,0.3218564056244093,0.5620385933782637,0.7904882062341749,0.9496513101243481,0.9978197837613293,1.060902519324391,1.0046270913684492,0.99964414552315,1.0307444303306108,1.0311625894811964,1.0470772606810343,-0.007330537293605583,0.010376531021074229,0.010434600807841598,0.032290365930992306,0.01329294363151967,0.10515491564556495,0.11836817084821229,0.036529739454542236,0.08381991518526963,0.10153737894653045,0.12447566608178247,0.07871601070018158,0.08496834575822673,0.10424882695846951,0.10590934661245838,0.09863034635782242,0.08620633553598345,0.10133820802895065,0.0833653486573819,0.13107070027245687,0.030201079266280243,0.03634436271086182,0.04926903031228744,0.09688983573434279,0.112633555973928,-0.007013324612737201,0.09413839054783595,-0.028988622714640554,-0.06000289244135631,0.0441282983754099,-0.041308015296907766,-0.08445056623865649,-0.07878960515420462,-0.0758168840223981,-0.10839679072966281,-0.11925788949598971,-0.0796964997521688,-0.11268998609529328,-0.15733208630195597,-0.1343341937538275,-0.0007749158734834954,0.016381026159242255,0.02890102891731508,0.02941898331430155,0.037995205558452406,0.03827025990971585,0.03402294637155287,0.021770152028112374,0.007238374529779977,-0.05204971015606959,-0.015177988516858098,-0.0022402094729897593,0.011109919726672178,0.006020259448388932,-0.01651988648593464,-0.06160427501290729,0.01376850054297505,0.012349095691590883,0.0282875004526919,-0.01086840800192092,0.03660273624910522,0.06727013698558218,0.09632164186116346,0.08959854501731616,0.11662751797241033,0.0749038512405661,0.06432522821825803,0.12747609730541093,0.14834761957532352,0.15206709657747722,0.15261887874185426,0.16862537565919541,0.19586646464682117,0.19556696866590953,0.17605058126842854,0.14432556865756044,0.1612878277436974,0.13083931097050303,0.120120533501979,0.09099405911779895
25,0.003019781440962106,-0.002363131047459319,-0.0067814801540225745,-0.011833368074148894,-0.0055267113400623204,-0.001854365246836096,0.0052515128022059794,0.011735153887420892,0.016160804545506835,0.02079929281026125,0.019470006171613933,0.02085338585078716,0.016059007858857513,0.013426778931170702,0.017178580053150653,0.0275257003121078,0.034374234974384306,0.044728391021490094,0.05828320387750864,0.06630981899797916,-0.0069390201242640615,0.042705268673598765,0.05325647424906492,0.11771509259939193,0.20778097942471505,0.35544180631637573,0.4828388375043869,0.5547762936353684,0.6601127630472183,0.8552665501832962,1.0355818605422973,1.4181603860855103,1.6903795528411865,2.2430305600166323,2.676685543060303,3.67763601064682,0.1125698608160019,0.12633609049022199,0.10081224516034126,0.11206185348331928,0.0045186831895262,0.011070712804794311,0.0318149945512414,0.04557958908379078,0.06623565189540387,0.06783631287515163,0.05162241868674755,0.03791411273181439,0.09266561947762966,0.09313550338149071,0.08605855382978916,0.08939523503184318,0.08417097948491574,0.0823498372733593,0.07224505834281444,0.07102167248725891,0.08021661289036273,0.07577702485024929,0.0812361029535532,0.08964696168899536,0.025713976994156836,0.021226677652448414,0.0354844519123435,-0.0009422101410200412,0.02499197356402874,0.14598144933581353,0.16883067265152932,0.19436182737350463,0.2087749645113945,0.17968639597296715,0.13772635728120805,0.20170021042227745,0.2968418735265732,0.344438296854496,0.3883204787969589,0.4257815986871719,0.42163308799266813,0.4355257377028465,0.4290407168865204,0.40751654624938966,0.011854373291134835,0.01562890574336052,0.027915196511894464,0.02844353150576353,0.05008982699364424,0.0774387189745903,0.1301748774945736,0.08145483829081059,-0.028125792630016803,-0.049688717648386956,-0.06445222690701485,0.050448342226445675,0.04056932460516691,0.04116711635142565,0.06370983023196458,0.0779330075532198,0.07601099587976932,0.07213446646928787,0.014079737653955817,0.02872534602880478,-0.01407358723692596,-0.012659420911222696,-0.014445222793146967,-0.016652417480945588,-0.015916731115430592,0.0030603553412947805,0.008356783292256295,0.020008120965212584,0.030380383525043728,0.04730378240346909,0.05440136257559061,0.06454740837216377,0.06436042591929436,0.06883627407252789,0.08506665825843811,0.09142241038382054,0.09680612750351429,0.10260948792099953,0.12239988908171653,0.14217548221349716
26,-0.004019547276139418,-0.004657818616288615,-0.009110995325596725,-0.02712302654981613,-0.022042357303360675,-0.04306148507810654,-0.06123165068949791,-0.07899704623095533,-0.06737801555464877,-0.08829096427306216,-0.10055144424451158,-0.11673530960019599,-0.11381173601492922,-0.11430580921946688,-0.10929546283280596,-0.12959714035721534,-0.13599855310105263,-0.1231801688195543,-0.12336618992242407,-0.05008489880314533,-0.017741310146409384,-0.01934655749318289,0.06977703685852442,0.13352351778365196,0.1713011195843524,0.12872390112185733,0.16705206480432064,0.15576386479462714,0.1773945590520793,0.1303947776298415,0.19086590718398702,0.12801300647960817,0.10163726996471907,0.1452399038714654,0.13589831322500917,0.16018082931677394,0.17141343403528345,0.1725087518149868,0.21902422813024927,0.32427952153251527,-0.0003213605262104427,0.013941997711725057,0.012192165953394502,0.027047030449389144,0.06039931696463138,0.07819575515199215,0.08341178127584305,-0.04889011896274825,0.0489170335312473,0.04363814206357966,0.035219983673317634,0.0032465743379748832,-0.017715512302721493,-0.0357037054850383,-0.04158022593548323,-0.020589353559424782,-0.021611371691873733,-0.038710281629353124,-0.04669158511418611,-0.021664001602441706,0.048491556811681456,0.24958548647292117,0.7943812868696578,2.1237906902394394,3.2936948258826075,4.164422233053979,4.9180963140852905,5.023409118043616,5.022904796803251,5.275395393371582,5.121505813395723,5.051397602608863,5.0960362617005694,5.0673678935842315,4.981394407596994,4.748828720539175,4.536156010120473,4.407021674704044,4.214228731520633,4.19008536034442,0.009730476430280412,0.024255255257037093,0.035522538653396545,0.05357612174083578,0.040230125505873494,0.027928016544815075,0.045388862926592215,0.053230632334313494,-0.024617859854844666,-0.08228215634664322,-0.049477202700763105,-0.0288219820817021,-0.023091077678242422,-0.014855846273774736,-0.05261406176833453,-0.1007383064307431,-0.03029567105082567,-0.06839277987626005,-0.2848915643197425,-0.04531209293178263,-0.00592209564452555,-0.017719403047986488,-0.014613684804297667,0.004263394518505826,0.021429784080766616,-0.008276847698401438,0.02615985785551528,0.04432835515112953,0.03897908297268317,0.028557223386745503,0.030420072091882057,0.08938406823955952,0.14617126435041428,0.1857560890469145,0.2022670459874133,0.16811106908828655,0.20377485152888805,0.18633362096040806,0.16517777947035242,0.09191291997248822
27,-0.007360949353314936,-0.01034649508073926,-0.005555633460171521,-0.015115856546908618,-0.02692388605326414,-0.02793240251019597,-0.030586862824857234,-0.03239885710179806,-0.03148268908262253,-0.025170403625816108,-0.028417015485465526,-0.027044652290642263,-0.034620405845344066,-0.041061288341879845,-0.03850984875112772,-0.04716349504888058,-0.042434861958026884,-0.05450685638934374,-0.06031760826706886,-0.094670385196805,0.0028747107449453324,0.00615972526371479,-0.06395021431148053,-0.0980952263623476,-0.1040501268953085,-0.08646899811923504,-0.13447436034679414,-0.13821854814887047,-0.13698485672473906,-0.14124608606100084,-0.2606958231329918,-0.2739232063293457,-0.08024183116853237,-0.09422203227877617,-0.08979548893868923,-0.11038420654833317,-0.11580516763031483,-0.1415428675711155,-0.15947101160883903,-0.16810704365372658,-0.010193927679210901,-0.013380977045744657,-0.006226234119385481,-0.002824295877944678,-0.01038362640887499,-9.796622077828943e-05,0.0021671080533997157,-0.005712550906464458,-0.0034287543571554125,-0.004706348231993615,-0.00297899101045914,-0.006566349393688142,-0.007728592762723565,-0.004713108281139284,-0.004919182183220983,0.00048084314226798597,0.0007300377240153466,0.00440006917109713,0.013588366303592921,0.03228370865806937,0.002882007765583694,0.01721159603446722,0.01623894396238029,0.043266566656529906,0.04836335968226194,0.14647189378738404,0.16107015773653985,0.22796974420547486,0.546200949549675,0.995913645029068,3.718932843208313,0.016557215568609535,0.08409658297896386,0.14658689647912979,-0.0707201462984085,0.8931502324342727,0.44111750572919844,0.18496299251914025,0.10573258273303508,0.22030162140727044,0.013145199194550514,0.017194489892572166,0.02055036524310708,0.015028617950156331,0.0054022606019861995,-0.002874347671167925,-0.003454484122339636,-0.012052401807159186,-0.053759948462247846,-0.061488293819129465,-0.06098834790289402,-0.023813809733837843,-0.024476220142096283,-0.04733280923217535,-0.022079271767288446,-0.02243313701823354,-0.0286073206178844,-0.04009286925196648,-0.033187929671257735,-0.058941339179873466,-0.008821028340607882,-0.010190382301807403,-0.009787358650937676,-0.019517223797738553,-0.013762094844132662,-0.0033321163791697472,-0.015500180264934897,-0.022411782778799533,-0.021692339684814214,-0.037902802266180514,-0.043811854049563406,-0.04181563202291727,-0.04133716844022274,-0.039689254201948646,-0.03906737565994263,-0.04162817195057869,-0.03460491836071014,-0.02606095427647233,-0.03480884861201048,-0.056634818650782105
28,-0.006762156328186393,-0.025455615501850843,-0.04619023572653532,-0.054864303171634675,-0.037868715599179266,-0.029506663512438535,-0.02258346589282155,-0.007428087089210749,-0.00045025237028312404,0.005617709581274539,0.010948033900931478,0.006428523454815149,-0.01093766514211893,-0.013417977523058653,-0.008164615416899324,0.004544886059593409,0.0026676158379996197,0.01652243419550359,0.039424849525094036,0.07907406263053417,-0.08110721856355667,-0.05548297960311174,-0.04457431182265282,-0.05270438604056835,-0.033590148687362674,-0.06142131537199021,-0.009794154660776258,-0.015401495778933167,0.01951623344793916,0.07469812460243702,0.049021579287946225,0.07171369418501854,0.08437711000442505,0.08208898179233075,0.07344656422734261,0.06591991204768419,0.023816605312749744,0.03805728331208229,0.01660673607606441,-0.029008060591295362,0.001223507191753015,-0.0001543493797771589,-0.004919825829565525,0.0006741345538785026,0.015349197015166283,0.005729928002692759,-0.014838187964633107,-0.029527673274278642,0.0033211362396832556,0.0026918577309697866,-0.006136922466102987,-0.016750892726704478,-0.030705821719020605,-0.0359785408899188,-0.05029717843979597,-0.06535870261490345,-0.061594226099550724,-0.07647712469100952,-0.08186525486409664,-0.07293953068554401,0.00871523332549259,0.022879130036453716,0.10170140068978072,0.09936524994671345,-0.01859171493910253,0.1641523978114128,-0.17882748305797577,0.2038462433964014,0.09333042562007904,-0.4486973434686661,0.18042060841369675,0.24708649195730686,0.33526281915605066,0.2950934542715549,0.5582769975066185,0.7825938189029693,1.1428366613388061,2.6474402928352356,-0.7018434971570968,-0.36578097015619276,0.006198319531977177,0.005334359537810088,0.01742596387863159,0.020765440855175257,0.026390648223459722,0.02194561131298542,0.02209307299926877,0.02460834978148341,0.03749744016677141,0.014725928418338299,0.04191489778459072,0.0512437404692173,0.0490258202701807,0.06940115131437778,0.03304103823378682,0.02068332513794303,0.04294970128685236,0.05341096058487892,0.04447622556239367,0.04827663097530603,-0.005124514296185225,-0.003511808436596766,-0.0030802660556219054,-0.005139352316036821,0.005074499370530248,0.00016401418717578052,-0.008287867580074817,0.015036596851423382,0.013468134170398115,0.019950512005016206,0.03011887278407812,0.01993149652145803,0.01749764597043395,0.01453493899665773,0.014320160113275051,0.01360444150865078,0.017593000521883367,0.023171472996473312,0.04618467643857002,0.08953098118305207
29,0.2825457048416138,0.838438423871994,1.4386638009548187,1.8514704155921935,2.2199639177322386,2.6683135557174684,2.99938093662262,3.0644854927062988,3.147485795021057,3.1787538361549377,3.1821702218055723,3.1352361631393433,3.0235062885284423,2.852845320701599,2.8662700152397154,2.859703838825226,2.6722280883789065,2.4041320991516115,2.4280099129676818,2.4486644959449766,0.1295497377216816,0.16226784095168115,0.07364080473780632,0.026763596707605756,-0.023693535362835975,0.020648362773645203,-0.040965434798272325,-0.010753718618452694,-0.042369791828095915,-0.015100622999598272,-0.05205626407638192,-0.0815284987911582,-0.07788200560957194,-0.09862727396190167,-0.12764912478625776,-0.13393726333975792,-0.14860900454223155,-0.15891571775078772,-0.1756218981742859,-0.15097502425312995,0.008593262685462833,0.032180839888751506,0.04353399846702814,0.02663357527926564,-0.010475787219475024,0.01879814654123038,0.005461746244691312,0.05550106322392821,0.06901152897626162,0.0639630071260035,0.058868345217779276,0.042990975752472876,0.04271231909282505,0.03594295296701602,0.04450552843511105,0.036686211747583,0.028567486083775292,0.053445201818831264,0.04315959389321506,-0.005297305460771895,-0.018077769950032234,-0.02961106589064002,-0.044103488996624945,-0.02191413873224519,0.017993674417957663,0.0586888537183404,0.08056117162108421,0.14484252005815507,0.17603053733706475,0.22809865340590477,0.2744747659564018,0.3023288321495056,0.25257946297526357,0.3361705952882767,0.3593999233841896,0.3640972277522087,0.39175442188978193,0.4077272817492485,0.3850207754969597,0.41399903982877734,0.007909144840668887,0.016113021345809102,0.0309905050881207,0.02254496981622651,0.03408467176370323,0.06112583097070456,0.045854502595029774,0.04490535005315906,0.11918521530926228,0.12423158079385757,0.16321430362761022,0.17287326909601688,0.16397514529526233,0.17493212901055813,0.22894715622067452,0.26532742962241174,0.27711601197719576,0.31252431884408,0.3786731272935867,0.35789599031209945,-0.0033101644963244325,-0.0037038420878525357,0.01002130969427526,0.024267591652460396,0.06112891264259815,0.09674578227102756,0.13752827271819115,0.14266061663627624,0.1542587934434414,0.1439069639891386,0.15231663964688777,0.18138663344085215,0.19700811102986335,0.19756294593214987,0.19766384840011597,0.21767009973526,0.21640660792589186,0.20274220153689385,0.17857803367078304,0.16200596891343594
30,0.00404909071046859,-0.0031241101713385434,-0.0049200546834617855,-0.0015571879465915118,0.013991625374183058,0.037342973724007605,0.05446610182523728,0.05546072863042355,0.06610561028122902,0.07520818121731282,0.07934781193733215,0.08365702480077744,0.08466749869287014,0.08055282801389695,0.08064752034842967,0.09298958390951156,0.10398950077593326,0.11244367301464081,0.11155545487999916,0.08678392373025418,-0.047392885088920596,-0.11097104370594024,-0.07206489980220794,0.027060042498633266,0.1365850691497326,-0.047303543826565146,0.1654796777665615,0.17196257993578912,0.25620983257889746,0.39793180882930757,0.5657656979560852,0.7504762709140778,1.1746754348278046,1.6985306072235107,2.936976945400238,0.21163784399628638,0.2302698649466038,0.3567000436782837,0.3553350245952606,0.36779286175966264,-0.00614675345364958,-0.011356567163020373,-0.009820097563788295,-0.014675834449008107,-0.0024483185802819207,-0.05155184801667929,-0.06402443997561931,0.06225039586424828,-0.01806549955159426,-0.02242110265418887,-0.027850005440413952,-0.023263826612383128,-0.017338724648579953,-0.013079621531069278,-0.03073445860296488,-0.028427736684679985,-0.035691752023994924,-0.038055417947471144,-0.042201703563332554,-0.028622146025300027,-0.023327779192477464,0.0037863028328865766,-0.05401767946779728,-0.006092388266697526,0.0070494967745617036,-0.027332416996359826,0.003922466793446802,0.03741312531754375,0.05624561738222837,0.05870971914380789,0.0996194302290678,0.10996396601200104,0.1439624808728695,0.13500051453709602,0.17715609282255174,0.15214719951152803,0.11766760304570198,0.15527837723493576,0.15997096955776213,0.1443825650215149,-0.01403568796813488,-0.031821788977831604,-0.048022538982331754,-0.06355793796479701,-0.05324909593909979,-0.04397155847400427,-0.060091720931231975,-0.062153920046985146,0.014617657996714115,0.06689761996269226,0.04217429867014289,0.008847580362926237,-0.00019437715737353757,-0.03962437419220805,0.0032001621637027713,0.02281483302707784,-0.017776230908930303,-0.021873217206448317,-0.012345015234313906,-0.0036577800554732677,0.0032730789470952005,0.005273738710675388,0.004210349144850625,0.006478182909268071,0.01447691177483648,0.04977924138307571,0.04556055035442114,0.03927045933902264,0.07074269887059927,0.09037120774388313,0.10133896000683308,0.10719209372997283,0.09810502007603646,0.08795707657933236,0.07749907717108727,0.08953219681978225,0.07795220494270325,0.07622521005570888,0.073630306199193,0.06774197567254304
31,-0.0036629679720999314,0.004950094217848446,-0.0032898981354641493,-0.02329979771089674,-0.057484673806513197,-0.08190151514730068,-0.12150926067672595,-0.13618750162798948,-0.13819357617334885,-0.14100700601784869,-0.13619796886588587,-0.1265109470396331,-0.11747664363697322,-0.13383674501168608,-0.1337760862979022,-0.14427827208331137,-0.1422878678398903,-0.16670584573288155,-0.19823481940259838,-0.11300847453601433,0.007652274457587286,0.015039740760594306,-0.05106296890763321,-0.0886436610510855,-0.12973650672821083,-0.0831961597532335,-0.142959125942052,-0.13981510751476192,-0.12964261247955186,-0.15988053614744033,-0.27827797408657845,-0.2858853605058458,-0.24737474216957284,-0.24386036983042053,-0.2671092757672975,-0.24312563481354954,-0.21829234289400506,-0.24630581640233898,-0.2226651253724339,-0.28867752323246965,0.008767586370760744,0.016880671794742647,0.01025821908254816,0.01665601022353377,-0.0045459536314328116,0.031016228682916574,0.09601574797521938,0.0834514470865028,0.09176250065516944,0.10255880127049456,0.11467891209053271,0.12268509482494508,0.13322499996483927,0.12729023728105757,0.14041556734027286,0.18914524714152017,0.24186323161679085,0.20756273152250232,0.2340411196152369,0.2515126858094726,-0.005418270487676968,-0.11248183877894072,-0.2580607295638383,-0.11297697694313646,-0.19970090594142675,-0.45302112054343174,-0.4528422393445678,-0.5466652699438103,-0.5521763713955127,-0.6411486533299945,-0.33582318160269,0.04894376204894724,1.241843702817204,2.599878181110729,3.390592240323924,4.352549403604835,4.648416408384689,4.099915258812182,4.1744279861450195,4.312153108192213,-0.024015336758410086,-0.04477810765607188,-0.06217148444718785,-0.07587767113940884,-0.07669122095661934,-0.06731403167500641,-0.03933033072436699,-0.017016670017531425,-0.05970363149588758,-0.034365666578664925,-0.06213456332081496,-0.06989391509330634,-0.07510968463288413,-0.06109905984215062,-0.03971759485776978,-0.00041205738862209735,-0.0008437638174691896,-0.0015606374991471563,-0.04895503205632923,0.02390869335516008,-0.033397907108971565,-0.048169407015196,-0.03553875577118662,-0.04236597906459461,-0.042428762811904004,-0.03160458037422763,-0.05931381158756487,-0.0703150989356065,-0.04980624087079607,-0.05931213242237014,-0.07271938831216157,-0.07186882999358755,-0.06129241102572643,-0.046387700138218475,-0.04767865395982458,-0.05738841618100802,-0.04842495180741705,-0.05060064241365351,-0.06807722200197402,-0.12938978402602552
32,0.0023202810329479174,0.012883002496579652,0.022324142595717796,0.015753268114011263,0.024759405584196852,0.035854704678058624,0.00015237238352196385,-0.051221488419957835,-0.05693192399962984,-0.04962370852290681,-0.023471765572938955,0.016080414812842555,0.044916616658670735,0.07737163680069374,0.11387338707543383,0.11669077204935478,0.07830238921774758,0.0919521502924688,0.08180231149449493,0.050119675959300516,-0.07266060439775689,-0.07144240993592474,-0.006405639954880256,0.0780509930536753,0.13697426822600942,0.22237424161097016,0.2932649572389294,0.3338444708573698,0.3895376058238925,0.4157432671448197,0.48107269075181747,0.4876996844705909,0.5201147626144718,0.5370358972236363,0.504796579630688,0.5068659062939461,0.4769581052088978,0.49465876019964317,0.47144801944795284,0.4712987385614954,0.07737633397548714,0.1323013100961242,0.29602528122639415,0.5469308470309985,0.8067627697136498,1.2257239376053666,1.5329566296904977,2.006451219019264,2.570814837108959,2.9908012934405392,3.39769529814672,3.932073935113772,4.326538871033023,4.631408089339131,4.848582007668235,5.076682119658499,5.276568253835042,5.39029395941532,5.533795934734923,5.570875509820803,-0.09155986488166482,-0.1823135007812519,-0.20230224171672204,-0.22059049073493842,-0.2526358826593919,-0.2559720738367601,-0.22175567529418252,-0.17931608328915605,-0.13677096810906825,-0.09291223255973874,-0.006605475647092769,0.06585164940116381,0.11251672387424141,0.1755303404848985,0.2146159928254407,0.23723916799733133,0.22984696262412602,0.24836764447014742,0.2615404434577383,0.2720506904703198,-0.03318426338485395,-0.044750327282030176,-0.05202822620519484,-0.06475492405018421,-0.04298990365174232,0.0011270729009442166,0.0022780201904948408,0.016508611602855834,0.06225941587013729,0.08794045195717251,0.03746798864067203,0.0005405115838529485,-0.022116028132255782,0.02042904951476793,-0.009712282214854664,0.0379645082008357,0.03024270494628434,0.05021368703720244,0.15665260113474697,0.08295889086833205,-0.031786935385128466,-0.04564490058280603,-0.04540751383385875,-0.022664173094924973,0.004568894745045897,0.11449620240565503,0.14455991667328458,0.09794559173586995,0.12592656842686914,0.13562232003820063,0.1330585888765677,0.14345121315934442,0.1504729570388192,0.1429362797150106,0.1304538929929035,0.15172703014780778,0.13887640024826983,0.18623571955796445,0.14644069051501726,0.10733644662876472
33,-0.04993991879746318,-0.0686974374444357,-0.10767026618123055,-0.12774454150348902,-0.10757474614573377,-0.10182559044499483,-0.033896826656668315,0.009960947997504783,0.005268797548134379,-0.005586465009530782,0.03638107206539384,0.014291364813938603,-0.030663586101062328,-0.03148671886551061,-0.0679858793654213,-0.016530258048857962,-0.021710508347626143,0.008586639962491713,0.05201945041439363,0.05566364852711558,0.021327845152622364,0.022138122990457174,0.11205517966300249,0.09895914939365216,0.08629803239767041,0.08890147826501302,0.12043061879064355,0.24642683299524443,0.3558295720389911,0.402135235656585,0.31320676167628597,0.38208297613476006,0.39747240394353867,0.44706009860549656,0.47458774383578983,0.4708693820450987,0.5159798988274166,0.5290423259139061,0.4944735286491258,0.5074632833046573,0.19525094463356904,0.4904340441737856,0.942746025110994,1.310295581817627,1.5052912873881203,1.5364604805197035,2.064714414732797,2.447896127189909,1.1266931838222913,1.1595231629908085,1.1868753827043943,1.1192016479160105,1.1001798696815968,1.104819472546556,1.15631180669048,1.1899152190557547,1.2088361545424309,1.2601260283429707,1.2822402390052698,1.6370286047458649,-0.02894491863636566,0.047348322613418405,0.012642072403520745,0.07073788402028315,0.02971669414234514,0.05105047004430422,-0.018690179201907346,0.017066100364900194,0.018935972494676077,-0.061678377512310235,-0.033539670677523,0.0018117422213046147,0.014763332408360188,0.009412623593691802,-0.0017106213168257714,0.009795334612135775,-0.03906078981734546,-0.049577694203305454,-0.03052382682134131,-0.052678238410278154,-0.023837789460750564,-0.0023562280278253767,0.05432058630893672,0.14984919955687864,0.20294307025947741,0.2745997847190925,0.3317903290901865,0.3935518137046269,0.3926811452422823,0.4286545600209917,0.5622568976666246,0.6380154495792729,0.6861951952534062,0.6568880187613624,0.6549353950789997,0.5846972816756794,0.49864842875727583,0.4746623462332146,0.4881339967250824,0.5111285990902356,-0.02346780229293342,-0.04579103924334049,-0.047141291367422254,-0.05048417768973325,-0.06435051284331296,-0.08056948601681922,-0.0804304001919393,-0.048286197906626124,-0.0542023716427918,-0.04697895935636812,-0.029642923947124342,-0.017775186467458428,-0.024651590156801313,-0.019720868998514822,0.0003372921616703804,-0.012536102150729025,0.010918848230306009,0.011992399842711166,0.036137449092036276,0.037547516104366095
34,0.02106734858432286,0.020686328397985076,0.0018801898302011927,-0.023289842950836033,-0.03287812698924337,-0.002605038043275528,-0.05505411211453693,-0.045299549364078213,-0.037887445323064296,0.008043965196251725,0.03820265234041382,0.07152370869798559,0.08467503358990373,0.0910203198731785,0.09771050056311446,0.12106247728979083,0.06737535701356304,0.0553192190235818,0.03959701510644715,0.020534695965618317,-0.008803692697153859,-0.08349611809555914,-0.14333445494863348,-0.15210445036350842,-0.14003614210326906,-0.13378445415849416,-0.11125559963180985,-0.06263517454499379,-0.06870861706966666,0.0018149823898082258,0.027297631839887093,0.07079081458997138,0.1123693025815235,0.11830354500299609,0.13313841683344102,0.14686630275690746,0.16915407169177393,0.20013347404523635,0.20928276508626803,0.19304244430132314,0.012775034374806662,0.03283596174704554,0.05256530826806392,0.06666393633144842,0.14355348297198053,0.10577458883045425,0.08985042036838935,0.10754939142457197,0.09931473622859364,0.10261105200354483,0.10207037501771685,0.06037758820047471,0.07419512566493851,0.10028571163264799,0.15424856732428913,0.16259738236245974,0.14476529099571872,0.19045832837131663,0.1693638488650322,0.16319962108219174,0.008786535057367127,0.03665864320149486,0.0435367772014628,0.021817668557534337,0.016850600550754626,0.023639036709783783,0.032711905565007894,0.04775449895942715,0.08949998114258051,0.09557194750703557,0.11120633920808372,0.11243618001016087,0.10737270639199291,0.10127800878819446,0.09794340254348485,0.09668707350452602,0.05325773046483141,0.012407343121389794,0.006682373478788961,0.03812218031806635,0.012799204817422154,0.06719874987923082,0.04930229591284419,-0.0021833270283179804,-0.019909708770516683,-0.0592695223429883,-0.20725753747949927,-0.29358825269876654,-0.1264117167767426,0.14056957885622978,-0.10602804301077054,-0.1836287612148764,-0.18594452785737944,-0.17326326984407964,-0.032408008483094226,0.2835227944166728,0.002584508607085322,0.002955882062374706,-0.13831250694855837,0.0428107995802248,0.33677645300475645,0.5444156666037062,0.9421388355778976,1.2979099632988513,1.605096224328162,1.8981542117159131,1.885966485654804,2.179756569190764,2.28082833659481,2.3786509339238555,2.46564094113632,2.4147261431519413,2.3832664758386746,2.441890387467935,2.4605787102605254,2.4886473031111165,2.33317017219436,2.40843996195726,2.542821397244091,2.6750837312617772
